date,game_label,player,rw_team,rw_projected,our_projected,actual_minutes
2026-07-16,POR vs WAS,Sonia Citron,WAS,32.0,31.4,29.3
2026-07-16,POR vs WAS,Kiki Iriafen,WAS,29.0,29.6,24.0
2026-07-16,POR vs WAS,Carla Leite,POR,27.0,26.4,23.0
2026-07-16,POR vs WAS,Shakira Austin,WAS,29.0,30.6,33.5
2026-07-16,POR vs WAS,Bridget Carleton,POR,30.0,28.4,26.0
2026-07-16,POR vs WAS,Sarah Ashlee Barker,POR,26.0,24.7,24.0
2026-07-16,POR vs WAS,Michaela Onyenwere,WAS,25.0,28.6,26.1
2026-07-16,POR vs WAS,Emily Engstler,POR,26.0,24.8,21.8
2026-07-16,POR vs WAS,Frieda Buhner,POR,20.0,14.4,18.2
2026-07-16,POR vs WAS,Lauren Betts,WAS,17.0,15.3,12.3
2026-07-16,POR vs WAS,Georgia Amoore,WAS,22.0,25.0,15.7
2026-07-16,POR vs WAS,Serah Williams,POR,18.0,18.8,24.7
2026-07-16,POR vs WAS,Cotie McMahon,WAS,18.0,14.4,12.1
2026-07-16,POR vs WAS,Nyadiew Puoch,POR,20.0,,14.0
2026-07-16,POR vs WAS,Teja Oblak,POR,10.0,11.5,17.0
2026-07-16,POR vs WAS,Alicia Florez,WAS,15.0,13.3,17.7
2026-07-16,POR vs WAS,Karlie Samuelson,POR,12.0,12.7,13.4
2026-07-16,POR vs WAS,Luisa Geiselsoder,POR,8.0,12.3,15.3
2026-07-16,POR vs WAS,Cassandre Prosper,WAS,9.0,11.8,16.6
2026-07-16,POR vs WAS,Holly Winterburn,POR,3.0,,2.6
2026-07-16,POR vs WAS,Lucy Olsen,WAS,2.0,,2.6
2026-07-16,POR vs WAS,Angela Dugalic,WAS,2.0,,7.6
2026-07-17,SEA vs TOR,Marina Mabrey,TOR,32.0,31.9,31.3
2026-07-17,LAS vs PHO,Kahleah Copper,PHO,34.0,31.0,34.7
2026-07-17,CON vs IND,Kelsey Mitchell,IND,31.0,31.1,33.6
2026-07-17,ATL vs CHI,Allisha Gray,ATL,35.0,39.4,29.8
2026-07-17,CON vs IND,Caitlin Clark,IND,31.0,27.3,29.5
2026-07-17,ATL vs CHI,Rhyne Howard,ATL,35.0,40.3,31.3
2026-07-17,ATL vs CHI,Sydney Taylor,CHI,26.0,25.0,26.2
2026-07-17,CON vs IND,Aliyah Boston,IND,29.0,26.1,
2026-07-17,LAS vs PHO,Nneka Ogwumike,LAS,30.0,33.5,31.3
2026-07-17,SEA vs TOR,Dominique Malonga,SEA,28.0,27.1,29.3
2026-07-17,ATL vs CHI,Angel Reese,ATL,32.0,,33.0
2026-07-17,LAS vs PHO,Alyssa Thomas,PHO,35.0,31.7,35.7
2026-07-17,LAS vs PHO,Dearica Hamby,LAS,30.0,30.3,26.3
2026-07-17,ATL vs CHI,Azura Stevens,CHI,32.0,27.2,27.9
2026-07-17,SEA vs TOR,Natisha Hiedeman,SEA,28.0,28.6,29.6
2026-07-17,LAS vs PHO,Rae Burrell,LAS,27.0,30.7,31.3
2026-07-17,CON vs IND,Brittney Griner,CON,26.0,28.1,25.8
2026-07-17,CON vs IND,Leila Lacan,CON,30.0,32.5,28.0
2026-07-17,SEA vs TOR,Isabelle Harrison,TOR,24.0,25.1,20.6
2026-07-17,ATL vs CHI,Natasha Cloud,CHI,32.0,28.1,31.9
2026-07-17,SEA vs TOR,Awa Fam,SEA,30.0,30.4,31.2
2026-07-17,ATL vs CHI,Jordin Canada,ATL,31.0,39.2,33.0
2026-07-17,ATL vs CHI,Brionna Jones,ATL,24.0,18.3,15.5
2026-07-17,ATL vs CHI,Kamilla Cardoso,CHI,21.0,25.4,24.3
2026-07-17,SEA vs TOR,Flau'jae Johnson,SEA,25.0,29.0,31.2
2026-07-17,LAS vs PHO,Ariel Atkins,LAS,28.0,32.2,34.0
2026-07-17,LAS vs PHO,DeWanna Bonner,PHO,28.0,27.1,29.5
2026-07-17,SEA vs TOR,Nyara Sabally,TOR,21.0,,21.0
2026-07-17,LAS vs PHO,Cameron Brink,LAS,18.0,18.3,18.6
2026-07-17,LAS vs PHO,Valeriane Ayayi,PHO,23.0,14.7,18.3
2026-07-17,LAS vs PHO,Erica Wheeler,LAS,28.0,32.9,31.7
2026-07-17,SEA vs TOR,Maria Conde,TOR,29.0,29.6,30.7
2026-07-17,CON vs IND,Diamond Miller,CON,25.0,27.5,21.5
2026-07-17,CON vs IND,Charlisse Leger-Walker,CON,28.0,28.1,29.1
2026-07-17,SEA vs TOR,Laura Juskaite,TOR,23.0,28.4,27.8
2026-07-17,CON vs IND,Olivia Nelson-Ododa,CON,22.0,25.2,21.1
2026-07-17,ATL vs CHI,Courtney Vandersloot,CHI,20.0,19.3,15.3
2026-07-17,CON vs IND,Aaliyah Edwards,CON,19.0,,23.9
2026-07-17,ATL vs CHI,Gabriela Jaquez,CHI,21.0,17.1,13.9
2026-07-17,CON vs IND,Sophie Cunningham,IND,21.0,22.0,26.9
2026-07-17,SEA vs TOR,Julie Allemand,TOR,34.0,32.1,31.5
2026-07-17,CON vs IND,Kennedy Burke,CON,24.0,21.3,26.6
2026-07-17,LAS vs PHO,Alexa Held,PHO,23.0,,
2026-07-17,SEA vs TOR,Jade Melbourne,SEA,20.0,23.6,29.6
2026-07-17,ATL vs CHI,Naz Hillmon,ATL,24.0,37.0,25.0
2026-07-17,LAS vs PHO,Noemie Brochant,PHO,27.0,21.7,23.1
2026-07-17,LAS vs PHO,Monique Akoa Makani,PHO,15.0,25.2,19.5
2026-07-17,ATL vs CHI,Jacy Sheldon,CHI,18.0,20.5,27.7
2026-07-17,CON vs IND,Monique Billings,IND,19.0,22.2,30.8
2026-07-17,SEA vs TOR,Kia Nurse,TOR,15.0,15.4,17.6
2026-07-17,CON vs IND,Lexie Hull,IND,20.0,19.9,13.6
2026-07-17,SEA vs TOR,Zia Cooke,SEA,12.0,17.3,7.6
2026-07-17,SEA vs TOR,Stefanie Dolson,SEA,18.0,12.0,3.2
2026-07-17,LAS vs PHO,Sami Whitcomb,PHO,12.0,12.7,13.0
2026-07-17,CON vs IND,Raven Johnson,IND,15.0,,2.7
2026-07-17,SEA vs TOR,Katie Lou Samuelson,SEA,15.0,15.9,18.6
2026-07-17,CON vs IND,Myisha Hines-Allen,IND,15.0,12.8,9.2
2026-07-17,LAS vs PHO,Jihyun Park,LAS,16.0,11.6,8.4
2026-07-17,CON vs IND,Saniya Rivers,CON,13.0,16.6,14.3
2026-07-17,SEA vs TOR,Jordan Horston,SEA,15.0,16.1,19.6
2026-07-17,SEA vs TOR,Temi Fagbenle,TOR,10.0,17.3,15.1
2026-07-17,ATL vs CHI,Aicha Coulibaly,CHI,10.0,9.6,3.4
2026-07-17,ATL vs CHI,Elizabeth Williams,CHI,10.0,17.0,15.7
2026-07-17,ATL vs CHI,Rachel Banham,CHI,10.0,,5.0
2026-07-17,SEA vs TOR,Tima Pouye,TOR,10.0,9.5,2.7
2026-07-17,LAS vs PHO,Emma Cannon,LAS,5.0,,2.4
2026-07-17,LAS vs PHO,Kiana Williams,LAS,9.0,,
2026-07-17,ATL vs CHI,Madina Okot,ATL,5.0,11.0,3.9
2026-07-17,CON vs IND,Tyasha Harris,IND,10.0,17.0,13.7
2026-07-17,CON vs IND,Gianna Kneepkens,CON,7.0,,3.3
2026-07-17,ATL vs CHI,Te-Hina Paopao,ATL,7.0,,
2026-07-17,LAS vs PHO,Kate Martin,LAS,6.0,,1.4
2026-07-17,ATL vs CHI,Isobel Borlase,ATL,5.0,14.8,19.1
2026-07-17,CON vs IND,Makayla Timpson,IND,6.0,21.6,32.4
2026-07-17,SEA vs TOR,Mackenzie Holmes,SEA,5.0,,
2026-07-17,CON vs IND,Hailey Van Lith,CON,2.0,9.0,
2026-07-17,LAS vs PHO,Chance Gray,LAS,3.0,10.5,14.7
2026-07-17,SEA vs TOR,Taylor Thierry,SEA,4.0,,
2026-07-17,ATL vs CHI,Sika Kone,ATL,2.0,,0.9
2026-07-17,CON vs IND,Nell Angloma,CON,2.0,11.7,3.1
2026-07-17,LAS vs PHO,Kyara Linskens,PHO,2.0,,
2026-07-17,CON vs IND,Raegan Beers,CON,2.0,,3.3
2026-07-17,SEA vs TOR,Teonni Key,TOR,2.0,,0.9
2026-07-17,CON vs IND,Damiris Dantas,IND,1.0,,7.6
2026-07-17,LAS vs PHO,Shay Ciezki,PHO,1.0,,
2026-07-17,CON vs IND,Bree Hall,IND,1.0,,
2026-07-17,CON vs IND,Grace VanSlooten,IND,1.0,,
2026-07-18,MIN vs NYL,Breanna Stewart,NYL,32.0,34.4,31.7
2026-07-18,GSV vs IND,Kelsey Mitchell,IND,31.0,31.1,29.6
2026-07-18,GSV vs IND,Caitlin Clark,IND,31.0,27.3,26.2
2026-07-18,MIN vs NYL,Kayla McBride,MIN,32.0,31.6,32.5
2026-07-18,MIN vs NYL,Natasha Howard,MIN,31.0,27.8,25.3
2026-07-18,GSV vs IND,Aliyah Boston,IND,29.0,26.1,23.6
2026-07-18,MIN vs NYL,Olivia Miles,MIN,26.0,31.6,33.8
2026-07-18,MIN vs NYL,Jonquel Jones,NYL,29.0,30.5,27.4
2026-07-18,POR vs WAS,Sonia Citron,WAS,33.0,31.4,29.7
2026-07-18,MIN vs NYL,Sabrina Ionescu,NYL,33.0,31.9,33.5
2026-07-18,MIN vs NYL,Courtney Williams,MIN,29.0,31.7,32.3
2026-07-18,POR vs WAS,Kiki Iriafen,WAS,30.0,29.6,24.1
2026-07-18,GSV vs IND,Gabby Williams,GSV,24.0,25.7,27.6
2026-07-18,POR vs WAS,Carla Leite,POR,23.0,26.4,30.8
2026-07-18,POR vs WAS,Megan Gustafson,POR,25.0,26.0,
2026-07-18,POR vs WAS,Bridget Carleton,POR,30.0,28.4,32.4
2026-07-18,POR vs WAS,Shakira Austin,WAS,29.0,30.6,31.4
2026-07-18,GSV vs IND,Veronica Burton,GSV,29.0,27.9,32.5
2026-07-18,POR vs WAS,Sarah Ashlee Barker,POR,28.0,24.7,30.1
2026-07-18,GSV vs IND,Janelle Salaun,GSV,18.0,18.8,17.9
2026-07-18,MIN vs NYL,Pauline Astier,NYL,23.0,25.2,22.6
2026-07-18,MIN vs NYL,Dorka Juhasz,MIN,25.0,18.3,21.3
2026-07-18,POR vs WAS,Michaela Onyenwere,WAS,25.0,28.6,33.6
2026-07-18,MIN vs NYL,Marine Johannes,NYL,22.0,21.0,17.7
2026-07-18,GSV vs IND,Cecilia Zandalasini,GSV,19.0,19.3,25.8
2026-07-18,MIN vs NYL,Nia Coffey,MIN,27.0,26.6,19.9
2026-07-18,GSV vs IND,Sophie Cunningham,IND,21.0,22.0,21.6
2026-07-18,GSV vs IND,Kayla Thornton,GSV,25.0,27.3,27.3
2026-07-18,GSV vs IND,Tiffany Hayes,GSV,18.0,13.7,12.1
2026-07-18,POR vs WAS,Emily Engstler,POR,21.0,24.8,28.7
2026-07-18,POR vs WAS,Frieda Buhner,POR,18.0,14.4,16.8
2026-07-18,MIN vs NYL,Rebekah Gardner,NYL,20.0,13.3,
2026-07-18,POR vs WAS,Cotie McMahon,WAS,22.0,14.4,17.6
2026-07-18,GSV vs IND,Monique Billings,IND,19.0,22.2,17.8
2026-07-18,GSV vs IND,Lexie Hull,IND,20.0,19.9,18.6
2026-07-18,POR vs WAS,Georgia Amoore,WAS,21.0,25.0,25.4
2026-07-18,GSV vs IND,Kaila Charles,GSV,18.0,16.5,14.6
2026-07-18,POR vs WAS,Lauren Betts,WAS,14.0,15.3,20.5
2026-07-18,GSV vs IND,Kiah Stokes,GSV,24.0,22.7,21.8
2026-07-18,GSV vs IND,Kaitlyn Chen,GSV,10.0,16.4,7.5
2026-07-18,MIN vs NYL,Betnijah Laney-Hamilton,NYL,15.0,,
2026-07-18,GSV vs IND,Raven Johnson,IND,15.0,,3.5
2026-07-18,MIN vs NYL,Anastasiia Kosu,MIN,11.0,11.1,13.5
2026-07-18,GSV vs IND,Myisha Hines-Allen,IND,15.0,12.8,14.3
2026-07-18,POR vs WAS,Luisa Geiselsoder,POR,14.0,12.3,11.4
2026-07-18,MIN vs NYL,Han Xu,NYL,9.0,13.0,12.8
2026-07-18,MIN vs NYL,Anneli Maley,NYL,11.0,,13.6
2026-07-18,POR vs WAS,Serah Williams,POR,11.0,18.8,23.1
2026-07-18,MIN vs NYL,Maya Caldwell,MIN,12.0,11.4,8.2
2026-07-18,GSV vs IND,Laeticia Amihere,GSV,11.0,11.7,13.1
2026-07-18,POR vs WAS,Nyadiew Puoch,POR,15.0,,7.7
2026-07-18,POR vs WAS,Teja Oblak,POR,7.0,11.5,9.8
2026-07-18,GSV vs IND,Tyasha Harris,IND,10.0,17.0,20.7
2026-07-18,POR vs WAS,Angela Dugalic,WAS,8.0,,3.5
2026-07-18,POR vs WAS,Cassandre Prosper,WAS,9.0,11.8,6.6
2026-07-18,MIN vs NYL,Antonia Delaere,MIN,7.0,9.9,10.3
2026-07-18,POR vs WAS,Alicia Florez,WAS,7.0,13.3,7.3
2026-07-18,POR vs WAS,Karlie Samuelson,POR,6.0,12.7,
2026-07-18,GSV vs IND,Juste Jocyte,GSV,4.0,,
2026-07-18,GSV vs IND,Makayla Timpson,IND,6.0,21.6,24.0
2026-07-18,MIN vs NYL,Marine Fauthoux,NYL,2.0,13.4,15.1
2026-07-18,MIN vs NYL,Rebecca Allen,NYL,3.0,17.3,17.8
2026-07-18,POR vs WAS,Holly Winterburn,POR,2.0,,
2026-07-18,GSV vs IND,Damiris Dantas,IND,1.0,,
2026-07-18,MIN vs NYL,Raquel Carrera,NYL,1.0,,7.9
2026-07-18,GSV vs IND,Bree Hall,IND,1.0,,
2026-07-18,POR vs WAS,Lucy Olsen,WAS,1.0,,
2026-07-18,GSV vs IND,Grace VanSlooten,IND,1.0,,
2026-07-18,POR vs WAS,Rori Harmon,WAS,1.0,,
2026-07-19,LAS vs PHO,Kahleah Copper,PHO,34.0,31.0,34.8
2026-07-19,CON vs DAL,Paige Bueckers,DAL,33.0,31.5,32.0
2026-07-19,ATL vs CHI,Allisha Gray,ATL,35.0,39.4,34.9
2026-07-19,ATL vs CHI,Rhyne Howard,ATL,35.0,40.3,34.6
2026-07-19,LAS vs PHO,Nneka Ogwumike,LAS,30.0,33.5,32.7
2026-07-19,ATL vs CHI,Sydney Taylor,CHI,26.0,25.0,27.7
2026-07-19,ATL vs CHI,Angel Reese,ATL,32.0,,20.3
2026-07-19,CON vs DAL,Jessica Shepard,DAL,33.0,32.2,38.5
2026-07-19,LAS vs PHO,Dearica Hamby,LAS,30.0,30.3,25.2
2026-07-19,LAS vs PHO,Alyssa Thomas,PHO,34.0,31.7,34.2
2026-07-19,ATL vs CHI,Azura Stevens,CHI,32.0,27.2,29.8
2026-07-19,CON vs DAL,Azzi Fudd,DAL,31.0,31.5,32.6
2026-07-19,CON vs DAL,Arike Ogunbowale,DAL,28.0,29.9,31.1
2026-07-19,CON vs DAL,Leila Lacan,CON,29.0,32.5,36.7
2026-07-19,CON vs DAL,Brittney Griner,CON,26.0,28.1,30.9
2026-07-19,LAS vs PHO,Rae Burrell,LAS,27.0,30.7,28.1
2026-07-19,ATL vs CHI,Jordin Canada,ATL,31.0,39.2,33.8
2026-07-19,ATL vs CHI,Natasha Cloud,CHI,32.0,28.1,32.2
2026-07-19,ATL vs CHI,Kamilla Cardoso,CHI,21.0,25.4,24.3
2026-07-19,LAS vs PHO,Ariel Atkins,LAS,28.0,32.2,31.5
2026-07-19,LAS vs PHO,Cameron Brink,LAS,18.0,18.3,20.6
2026-07-19,LAS vs PHO,Erica Wheeler,LAS,28.0,32.9,35.2
2026-07-19,CON vs DAL,Olivia Nelson-Ododa,CON,22.0,25.2,26.1
2026-07-19,LAS vs PHO,DeWanna Bonner,PHO,26.0,27.1,28.6
2026-07-19,CON vs DAL,Aaliyah Edwards,CON,19.0,,4.5
2026-07-19,ATL vs CHI,Courtney Vandersloot,CHI,20.0,19.3,21.3
2026-07-19,ATL vs CHI,Brionna Jones,ATL,18.0,18.3,15.1
2026-07-19,ATL vs CHI,Naz Hillmon,ATL,26.0,37.0,33.9
2026-07-19,CON vs DAL,Kennedy Burke,CON,24.0,21.3,19.7
2026-07-19,ATL vs CHI,Gabriela Jaquez,CHI,21.0,17.1,14.7
2026-07-19,LAS vs PHO,Valeriane Ayayi,PHO,18.0,14.7,14.4
2026-07-19,CON vs DAL,Diamond Miller,CON,20.0,27.5,31.2
2026-07-19,CON vs DAL,Aneesah Morrow,CON,17.0,,
2026-07-19,LAS vs PHO,Monique Akoa Makani,PHO,17.0,25.2,32.2
2026-07-19,LAS vs PHO,Natasha Mack,PHO,18.0,21.6,19.5
2026-07-19,CON vs DAL,Awak Kuier,DAL,18.0,19.0,9.1
2026-07-19,CON vs DAL,Charlisse Leger-Walker,CON,20.0,28.1,28.6
2026-07-19,ATL vs CHI,Isobel Borlase,ATL,16.0,14.8,11.5
2026-07-19,LAS vs PHO,Alexa Held,PHO,17.0,,
2026-07-19,ATL vs CHI,Jacy Sheldon,CHI,18.0,20.5,19.5
2026-07-19,LAS vs PHO,Noemie Brochant,PHO,20.0,21.7,23.1
2026-07-19,LAS vs PHO,Sami Whitcomb,PHO,14.0,12.7,
2026-07-19,CON vs DAL,Maddy Siegrist,DAL,12.0,10.8,11.9
2026-07-19,CON vs DAL,Aziaha James,DAL,10.0,,7.4
2026-07-19,CON vs DAL,Li Yueru,DAL,12.0,13.8,13.3
2026-07-19,LAS vs PHO,Jihyun Park,LAS,16.0,11.6,14.9
2026-07-19,CON vs DAL,Saniya Rivers,CON,13.0,16.6,
2026-07-19,CON vs DAL,Odyssey Sims,DAL,10.0,14.9,16.9
2026-07-19,ATL vs CHI,Aicha Coulibaly,CHI,10.0,9.6,5.5
2026-07-19,ATL vs CHI,Rachel Banham,CHI,10.0,,4.6
2026-07-19,ATL vs CHI,Elizabeth Williams,CHI,10.0,17.0,15.7
2026-07-19,LAS vs PHO,Emma Cannon,LAS,5.0,,1.4
2026-07-19,LAS vs PHO,Kiana Williams,LAS,9.0,,
2026-07-19,ATL vs CHI,Madina Okot,ATL,5.0,11.0,10.7
2026-07-19,CON vs DAL,Sug Sutton,DAL,7.0,16.4,
2026-07-19,LAS vs PHO,Kate Martin,LAS,6.0,,
2026-07-19,CON vs DAL,Alysha Clark,DAL,6.0,,7.3
2026-07-19,CON vs DAL,Hailey Van Lith,CON,2.0,9.0,3.4
2026-07-19,LAS vs PHO,Chance Gray,LAS,3.0,10.5,10.2
2026-07-19,CON vs DAL,Gianna Kneepkens,CON,2.0,,2.4
2026-07-19,ATL vs CHI,Sika Kone,ATL,2.0,,
2026-07-19,CON vs DAL,Nell Angloma,CON,2.0,11.7,12.2
2026-07-19,CON vs DAL,Raegan Beers,CON,2.0,,4.4
2026-07-19,CON vs DAL,Ashlon Jackson,CON,2.0,,
2026-07-19,LAS vs PHO,Shay Ciezki,PHO,1.0,,
2026-07-19,LAS vs PHO,Kyara Linskens,PHO,1.0,,
2026-07-20,LVA vs MIN,A'ja Wilson,LVA,32.0,29.6,27.8
2026-07-20,TOR vs WAS,Marina Mabrey,TOR,31.0,31.9,30.6
2026-07-20,NYL vs SEA,Breanna Stewart,NYL,33.0,34.4,42.3
2026-07-20,LVA vs MIN,Olivia Miles,MIN,31.0,31.6,35.9
2026-07-20,LVA vs MIN,Kayla McBride,MIN,33.0,31.6,32.0
2026-07-20,LVA vs MIN,Natasha Howard,MIN,32.0,27.8,24.0
2026-07-20,LVA vs MIN,Jackie Young,LVA,32.0,31.7,32.8
2026-07-20,NYL vs SEA,Jonquel Jones,NYL,31.0,30.5,33.1
2026-07-20,NYL vs SEA,Dominique Malonga,SEA,29.0,27.1,27.0
2026-07-20,NYL vs SEA,Sabrina Ionescu,NYL,34.0,31.9,35.8
2026-07-20,DAL vs GSV,Azzi Fudd,DAL,36.0,31.5,42.7
2026-07-20,DAL vs GSV,Arike Ogunbowale,DAL,33.0,29.9,37.8
2026-07-20,DAL vs GSV,Jessica Shepard,DAL,34.0,32.2,38.1
2026-07-20,LVA vs MIN,Courtney Williams,MIN,33.0,31.7,33.4
2026-07-20,NYL vs SEA,Natisha Hiedeman,SEA,31.0,28.6,28.0
2026-07-20,DAL vs GSV,Gabby Williams,GSV,26.0,25.7,25.9
2026-07-20,TOR vs WAS,Sonia Citron,WAS,31.0,31.4,32.0
2026-07-20,NYL vs SEA,Flau'jae Johnson,SEA,31.0,29.0,28.5
2026-07-20,TOR vs WAS,Shakira Austin,WAS,30.0,30.6,31.4
2026-07-20,TOR vs WAS,Kiki Iriafen,WAS,28.0,29.6,34.6
2026-07-20,TOR vs WAS,Isabelle Harrison,TOR,23.0,25.1,22.4
2026-07-20,LVA vs MIN,Chelsea Gray,LVA,31.0,31.3,31.4
2026-07-20,DAL vs GSV,Veronica Burton,GSV,30.0,27.9,26.4
2026-07-20,TOR vs WAS,Laura Juskaite,TOR,28.0,28.4,28.9
2026-07-20,DAL vs GSV,Janelle Salaun,GSV,22.0,18.8,17.0
2026-07-20,LVA vs MIN,NaLyssa Smith,LVA,22.0,21.7,18.9
2026-07-20,NYL vs SEA,Awa Fam,SEA,31.0,30.4,30.8
2026-07-20,TOR vs WAS,Maria Conde,TOR,32.0,29.6,27.6
2026-07-20,NYL vs SEA,Pauline Astier,NYL,24.0,25.2,25.0
2026-07-20,NYL vs SEA,Jade Melbourne,SEA,27.0,23.6,19.2
2026-07-20,LVA vs MIN,Jewell Loyd,LVA,28.0,24.6,22.9
2026-07-20,TOR vs WAS,Michaela Onyenwere,WAS,26.0,28.6,30.6
2026-07-20,TOR vs WAS,Julie Allemand,TOR,34.0,32.1,30.6
2026-07-20,DAL vs GSV,Kayla Thornton,GSV,26.0,27.3,28.8
2026-07-20,DAL vs GSV,Cecilia Zandalasini,GSV,20.0,19.3,17.0
2026-07-20,DAL vs GSV,Tiffany Hayes,GSV,18.0,13.7,9.6
2026-07-20,DAL vs GSV,Maddy Siegrist,DAL,17.0,10.8,10.9
2026-07-20,LVA vs MIN,Dorka Juhasz,MIN,21.0,18.3,19.2
2026-07-20,DAL vs GSV,Aziaha James,DAL,13.0,,7.9
2026-07-20,NYL vs SEA,Han Xu,NYL,14.0,13.0,11.5
2026-07-20,TOR vs WAS,Lauren Betts,WAS,18.0,15.3,14.0
2026-07-20,TOR vs WAS,Kia Nurse,TOR,15.0,15.4,18.4
2026-07-20,LVA vs MIN,Nia Coffey,MIN,20.0,26.6,28.1
2026-07-20,DAL vs GSV,Odyssey Sims,DAL,15.0,14.9,21.0
2026-07-20,TOR vs WAS,Georgia Amoore,WAS,22.0,25.0,27.2
2026-07-20,DAL vs GSV,Li Yueru,DAL,15.0,13.8,16.1
2026-07-20,TOR vs WAS,Temi Fagbenle,TOR,15.0,17.3,14.6
2026-07-20,DAL vs GSV,Awak Kuier,DAL,15.0,19.0,24.9
2026-07-20,TOR vs WAS,Cotie McMahon,WAS,18.0,14.4,11.5
2026-07-20,DAL vs GSV,Kaila Charles,GSV,16.0,16.5,17.5
2026-07-20,NYL vs SEA,Katie Lou Samuelson,SEA,17.0,15.9,14.7
2026-07-20,DAL vs GSV,Kaitlyn Chen,GSV,10.0,16.4,23.6
2026-07-20,DAL vs GSV,Kiah Stokes,GSV,22.0,22.7,22.2
2026-07-20,NYL vs SEA,Rebecca Allen,NYL,22.0,17.3,31.7
2026-07-20,LVA vs MIN,Stephanie Talbot,LVA,17.0,19.4,14.7
2026-07-20,NYL vs SEA,Zia Cooke,SEA,9.0,17.3,28.0
2026-07-20,LVA vs MIN,Dana Evans,LVA,10.0,18.2,17.9
2026-07-20,NYL vs SEA,Jordan Horston,SEA,16.0,16.1,13.2
2026-07-20,NYL vs SEA,Marine Fauthoux,NYL,10.0,13.4,27.1
2026-07-20,LVA vs MIN,Justine Pissott,LVA,10.0,11.2,9.7
2026-07-20,DAL vs GSV,Sug Sutton,DAL,9.0,16.4,21.7
2026-07-20,LVA vs MIN,Anastasiia Kosu,MIN,10.0,11.1,8.8
2026-07-20,NYL vs SEA,Rebekah Gardner,NYL,10.0,13.3,15.4
2026-07-20,DAL vs GSV,Alysha Clark,DAL,13.0,,3.9
2026-07-20,TOR vs WAS,Tima Pouye,TOR,10.0,9.5,7.4
2026-07-20,NYL vs SEA,Betnijah Laney-Hamilton,NYL,10.0,,
2026-07-20,LVA vs MIN,Cheyenne Parker-Tyus,LVA,6.0,,10.9
2026-07-20,DAL vs GSV,Laeticia Amihere,GSV,10.0,11.7,12.0
2026-07-20,LVA vs MIN,Antonia Delaere,MIN,10.0,9.9,5.4
2026-07-20,TOR vs WAS,Alicia Florez,WAS,10.0,13.3,9.3
2026-07-20,NYL vs SEA,Stefanie Dolson,SEA,9.0,12.0,10.8
2026-07-20,LVA vs MIN,Brianna Turner,LVA,12.0,12.3,13.0
2026-07-20,LVA vs MIN,Maya Caldwell,MIN,7.0,11.4,12.9
2026-07-20,TOR vs WAS,Cassandre Prosper,WAS,10.0,11.8,9.3
2026-07-20,NYL vs SEA,Raquel Carrera,NYL,5.0,,3.1
2026-07-20,TOR vs WAS,Kayla Alexander,TOR,5.0,10.7,16.5
2026-07-20,TOR vs WAS,Teonni Key,TOR,7.0,,3.0
2026-07-20,TOR vs WAS,Angela Dugalic,WAS,5.0,,
2026-07-20,NYL vs SEA,Anneli Maley,NYL,7.0,,
2026-07-20,LVA vs MIN,Eliska Hamzova,MIN,3.0,,0.3
2026-07-20,TOR vs WAS,Lucy Olsen,WAS,1.0,,
2026-07-20,TOR vs WAS,Rori Harmon,WAS,1.0,,
2026-07-16,Portland Fire vs Washington Mystics,Rori Harmon,WAS,,,2.6
2026-07-17,Los Angeles Sparks vs Phoenix Mercury,Lexi Held,PHO,,14.3,19.1
2026-07-17,Los Angeles Sparks vs Phoenix Mercury,Marta Suarez,PHO,,,7.0
2026-07-17,Atlanta Dream vs Chicago Sky,Aaliyah Nye,ATL,,,0.9
2026-07-17,Atlanta Dream vs Chicago Sky,Jaylyn Sherrod,ATL,,,7.0
2026-07-17,Atlanta Dream vs Chicago Sky,Shatori Walker-Kimbrough,ATL,,,0.9
2026-07-17,Atlanta Dream vs Chicago Sky,Chloe Bibby,CHI,,10.8,8.8
2026-07-17,Seattle Storm vs Toronto Tempo,Kayla Alexander,TOR,,10.7,0.9
2026-07-18,Minnesota Lynx vs New York Liberty,Anastasiia Olairi Kosu,MIN,,11.1,13.5
2026-07-18,Minnesota Lynx vs New York Liberty,Eliska Hamzova,MIN,,,2.9
2026-07-18,Portland Fire vs Washington Mystics,Jordan Harrison,POR,,,9.2
2026-07-19,Los Angeles Sparks vs Phoenix Mercury,Lexi Held,PHO,,14.3,13.2
2026-07-19,Atlanta Dream vs Chicago Sky,Jaylyn Sherrod,ATL,,,5.1
2026-07-19,Atlanta Dream vs Chicago Sky,Chloe Bibby,CHI,,10.8,4.7
2026-07-20,Las Vegas Aces vs Minnesota Lynx,Anastasiia Olairi Kosu,MIN,,11.1,8.8
2026-07-22,Dallas Wings vs Indiana Fever,Arike Ogunbowale,DAL,,31.0,34.7
2026-07-22,Dallas Wings vs Indiana Fever,Awak Kuier,DAL,,20.3,13.8
2026-07-22,Dallas Wings vs Indiana Fever,Aziaha James,DAL,,,7.4
2026-07-22,Dallas Wings vs Indiana Fever,Azzi Fudd,DAL,,31.7,32.6
2026-07-22,Dallas Wings vs Indiana Fever,Jessica Shepard,DAL,,32.9,34.6
2026-07-22,Dallas Wings vs Indiana Fever,Li Yueru,DAL,,9.2,5.4
2026-07-22,Dallas Wings vs Indiana Fever,Maddy Siegrist,DAL,,17.0,26.2
2026-07-22,Dallas Wings vs Indiana Fever,Odyssey Sims,DAL,,12.1,4.0
2026-07-22,Dallas Wings vs Indiana Fever,Paige Bueckers,DAL,,33.0,37.3
2026-07-22,Dallas Wings vs Indiana Fever,Sug Sutton,DAL,,12.8,4.0
2026-07-22,Phoenix Mercury vs Portland Fire,Bridget Carleton,POR,,28.3,31.2
2026-07-22,Phoenix Mercury vs Portland Fire,Carla Leite,POR,,26.4,31.2
2026-07-22,Phoenix Mercury vs Portland Fire,Emily Engstler,POR,,23.3,23.1
2026-07-22,Phoenix Mercury vs Portland Fire,Frieda Buhner,POR,,15.2,16.9
2026-07-22,Phoenix Mercury vs Portland Fire,Holly Winterburn,POR,,,8.8
2026-07-22,Phoenix Mercury vs Portland Fire,Karlie Samuelson,POR,,14.8,20.1
2026-07-22,Phoenix Mercury vs Portland Fire,Megan DiLeo,POR,,23.6,24.6
2026-07-22,Phoenix Mercury vs Portland Fire,Nyadiew Puoch,POR,,14.2,15.8
2026-07-22,Phoenix Mercury vs Portland Fire,Sarah Ashlee Barker,POR,,,4.2
2026-07-22,Phoenix Mercury vs Portland Fire,Serah Williams,POR,,16.7,15.4
2026-07-22,Phoenix Mercury vs Portland Fire,Teja Oblak,POR,,11.4,8.8
2026-07-22,Chicago Sky vs Connecticut Sun,Aneesah Morrow,CON,,19.0,20.9
2026-07-22,Chicago Sky vs Connecticut Sun,Charlisse Leger-Walker,CON,,28.1,27.4
2026-07-22,Chicago Sky vs Connecticut Sun,Diamond Miller,CON,,26.0,22.8
2026-07-22,Chicago Sky vs Connecticut Sun,Gianna Kneepkens,CON,,,11.8
2026-07-22,Chicago Sky vs Connecticut Sun,Kennedy Burke,CON,,24.2,23.2
2026-07-22,Chicago Sky vs Connecticut Sun,Leila Lacan,CON,,29.4,17.0
2026-07-22,Chicago Sky vs Connecticut Sun,Nell Angloma,CON,,11.7,10.3
2026-07-22,Chicago Sky vs Connecticut Sun,Olivia Nelson-Ododa,CON,,25.1,21.6
2026-07-22,Chicago Sky vs Connecticut Sun,Raegan Beers,CON,,13.3,18.4
2026-07-22,Chicago Sky vs Connecticut Sun,Saniya Rivers,CON,,23.2,26.5
2026-07-22,Dallas Wings vs Indiana Fever,Aliyah Boston,IND,,24.1,20.4
2026-07-22,Dallas Wings vs Indiana Fever,Caitlin Clark,IND,,28.1,27.0
2026-07-22,Dallas Wings vs Indiana Fever,Grace VanSlooten,IND,,,7.7
2026-07-22,Dallas Wings vs Indiana Fever,Kelsey Mitchell,IND,,30.0,26.4
2026-07-22,Dallas Wings vs Indiana Fever,Lexie Hull,IND,,22.0,25.2
2026-07-22,Dallas Wings vs Indiana Fever,Makayla Timpson,IND,,20.1,17.7
2026-07-22,Dallas Wings vs Indiana Fever,Monique Billings,IND,,22.5,20.5
2026-07-22,Dallas Wings vs Indiana Fever,Myisha Hines-Allen,IND,,14.4,15.0
2026-07-22,Dallas Wings vs Indiana Fever,Sophie Cunningham,IND,,22.0,21.0
2026-07-22,Dallas Wings vs Indiana Fever,Tyasha Harris,IND,,16.8,19.1
2026-07-22,Las Vegas Aces vs Los Angeles Sparks,A'ja Wilson,LAS,,31.8,34.8
2026-07-22,Las Vegas Aces vs Los Angeles Sparks,Brianna Turner,LAS,,12.1,12.1
2026-07-22,Las Vegas Aces vs Los Angeles Sparks,Chelsea Gray,LAS,,33.2,37.0
2026-07-22,Las Vegas Aces vs Los Angeles Sparks,Cheyenne Parker-Tyus,LAS,,,10.1
2026-07-22,Las Vegas Aces vs Los Angeles Sparks,Dana Evans,LAS,,16.7,14.4
2026-07-22,Las Vegas Aces vs Los Angeles Sparks,Jackie Young,LAS,,31.7,31.4
2026-07-22,Las Vegas Aces vs Los Angeles Sparks,Jewell Loyd,LAS,,25.9,29.0
2026-07-22,Las Vegas Aces vs Los Angeles Sparks,NaLyssa Smith,LAS,,22.9,22.4
2026-07-22,Las Vegas Aces vs Los Angeles Sparks,Stephanie Talbot,LAS,,14.6,8.8
2026-07-22,Seattle Storm vs Washington Mystics,Alicia Florez,WAS,,9.6,6.2
2026-07-22,Seattle Storm vs Washington Mystics,Angela Dugalic,WAS,,7.5,5.0
2026-07-22,Seattle Storm vs Washington Mystics,Cassandre Prosper,WAS,,9.1,6.9
2026-07-22,Seattle Storm vs Washington Mystics,Cotie McMahon,WAS,,18.1,22.4
2026-07-22,Seattle Storm vs Washington Mystics,Georgia Amoore,WAS,,24.0,22.7
2026-07-22,Seattle Storm vs Washington Mystics,Kiki Iriafen,WAS,,27.1,26.0
2026-07-22,Seattle Storm vs Washington Mystics,Lauren Betts,WAS,,16.8,19.9
2026-07-22,Seattle Storm vs Washington Mystics,Michaela Onyenwere,WAS,,28.6,30.1
2026-07-22,Seattle Storm vs Washington Mystics,Shakira Austin,WAS,,28.6,29.1
2026-07-22,Seattle Storm vs Washington Mystics,Sonia Citron,WAS,,30.6,31.6
2026-07-22,Chicago Sky vs Connecticut Sun,Aicha Coulibaly,CHI,,10.4,9.3
2026-07-22,Chicago Sky vs Connecticut Sun,Azura Stevens,CHI,,28.5,30.4
2026-07-22,Chicago Sky vs Connecticut Sun,Courtney Vandersloot,CHI,,20.9,21.6
2026-07-22,Chicago Sky vs Connecticut Sun,Elizabeth Williams,CHI,,16.5,15.3
2026-07-22,Chicago Sky vs Connecticut Sun,Gabriela Jaquez,CHI,,20.0,20.4
2026-07-22,Chicago Sky vs Connecticut Sun,Jacy Sheldon,CHI,,21.0,16.8
2026-07-22,Chicago Sky vs Connecticut Sun,Kamilla Cardoso,CHI,,26.3,24.6
2026-07-22,Chicago Sky vs Connecticut Sun,Natasha Cloud,CHI,,29.8,32.0
2026-07-22,Chicago Sky vs Connecticut Sun,Rachel Banham,CHI,,,3.3
2026-07-22,Chicago Sky vs Connecticut Sun,Sydney Taylor,CHI,,26.6,26.3
2026-07-22,Las Vegas Aces vs Los Angeles Sparks,Ariel Atkins,LOS,,32.1,33.1
2026-07-22,Las Vegas Aces vs Los Angeles Sparks,Cameron Brink,LOS,,18.5,18.6
2026-07-22,Las Vegas Aces vs Los Angeles Sparks,Chance Gray,LOS,,12.1,11.8
2026-07-22,Las Vegas Aces vs Los Angeles Sparks,Dearica Hamby,LOS,,30.8,31.1
2026-07-22,Las Vegas Aces vs Los Angeles Sparks,Erica Wheeler,LOS,,30.4,26.3
2026-07-22,Las Vegas Aces vs Los Angeles Sparks,Jihyun Park,LOS,,,6.2
2026-07-22,Las Vegas Aces vs Los Angeles Sparks,Kate Martin,LOS,,,2.1
2026-07-22,Las Vegas Aces vs Los Angeles Sparks,Kiana Williams,LOS,,12.3,6.8
2026-07-22,Las Vegas Aces vs Los Angeles Sparks,Nneka Ogwumike,LOS,,32.5,30.3
2026-07-22,Las Vegas Aces vs Los Angeles Sparks,Rae Burrell,LOS,,31.3,33.5
2026-07-22,Minnesota Lynx vs New York Liberty,Antonia Delaere,MIN,,,3.4
2026-07-22,Minnesota Lynx vs New York Liberty,Courtney Williams,MIN,,27.8,19.7
2026-07-22,Minnesota Lynx vs New York Liberty,Dorka Juhasz,MIN,,16.8,15.8
2026-07-22,Minnesota Lynx vs New York Liberty,Eliska Hamzova,MIN,,,2.2
2026-07-22,Minnesota Lynx vs New York Liberty,Kayla McBride,MIN,,31.4,36.0
2026-07-22,Minnesota Lynx vs New York Liberty,Maya Caldwell,MIN,,17.1,27.9
2026-07-22,Minnesota Lynx vs New York Liberty,Napheesa Collier,MIN,,21.0,22.2
2026-07-22,Minnesota Lynx vs New York Liberty,Natasha Howard,MIN,,25.7,26.4
2026-07-22,Minnesota Lynx vs New York Liberty,Nia Coffey,MIN,,19.8,15.7
2026-07-22,Minnesota Lynx vs New York Liberty,Olivia Miles,MIN,,29.7,30.9
2026-07-22,Phoenix Mercury vs Portland Fire,Alyssa Thomas,PHO,,32.9,35.5
2026-07-22,Phoenix Mercury vs Portland Fire,DeWanna Bonner,PHO,,27.0,27.3
2026-07-22,Phoenix Mercury vs Portland Fire,Kahleah Copper,PHO,,31.3,29.8
2026-07-22,Phoenix Mercury vs Portland Fire,Lexi Held,PHO,,14.9,14.8
2026-07-22,Phoenix Mercury vs Portland Fire,Monique Akoa Makani,PHO,,24.3,23.9
2026-07-22,Phoenix Mercury vs Portland Fire,Natasha Mack,PHO,,18.3,15.3
2026-07-22,Phoenix Mercury vs Portland Fire,Noemie Brochant,PHO,,22.9,22.9
2026-07-22,Phoenix Mercury vs Portland Fire,Sami Whitcomb,PHO,,14.3,17.6
2026-07-22,Phoenix Mercury vs Portland Fire,Valeriane Ayayi,PHO,,14.1,12.8
2026-07-22,Seattle Storm vs Washington Mystics,Awa Fam,SEA,,30.2,30.9
2026-07-22,Seattle Storm vs Washington Mystics,Dominique Malonga,SEA,,26.7,26.4
2026-07-22,Seattle Storm vs Washington Mystics,Flau'jae Johnson,SEA,,28.7,28.6
2026-07-22,Seattle Storm vs Washington Mystics,Jade Melbourne,SEA,,25.6,27.7
2026-07-22,Seattle Storm vs Washington Mystics,Jordan Horston,SEA,,15.9,13.5
2026-07-22,Seattle Storm vs Washington Mystics,Katie Lou Samuelson,SEA,,14.8,13.2
2026-07-22,Seattle Storm vs Washington Mystics,Natisha Hiedeman,SEA,,29.7,32.2
2026-07-22,Seattle Storm vs Washington Mystics,Stefanie Dolson,SEA,,12.2,10.9
2026-07-22,Seattle Storm vs Washington Mystics,Zia Cooke,SEA,,16.2,16.6
2026-07-28,Las Vegas Aces vs Los Angeles Sparks,A'ja Wilson,LAS,,29.6,30.2
2026-07-28,Las Vegas Aces vs Los Angeles Sparks,Brianna Turner,LAS,,21.1,31.6
2026-07-28,Las Vegas Aces vs Los Angeles Sparks,Chelsea Gray,LAS,,31.1,32.4
2026-07-28,Las Vegas Aces vs Los Angeles Sparks,Dana Evans,LAS,,16.5,18.1
2026-07-28,Las Vegas Aces vs Los Angeles Sparks,Jackie Young,LAS,,29.3,28.3
2026-07-28,Las Vegas Aces vs Los Angeles Sparks,Jewell Loyd,LAS,,23.8,25.1
2026-07-28,Las Vegas Aces vs Los Angeles Sparks,Justine Pissott,LAS,,10.9,12.2
2026-07-28,Las Vegas Aces vs Los Angeles Sparks,Mai Yamamoto,LAS,,,3.2
2026-07-28,Las Vegas Aces vs Los Angeles Sparks,Stephanie Talbot,LAS,,16.6,15.4
2026-07-28,Las Vegas Aces vs Los Angeles Sparks,Ta'Niya Latson,LAS,,,3.6
2026-07-28,Las Vegas Aces vs Los Angeles Sparks,Ariel Atkins,LOS,,32.3,34.2
2026-07-28,Las Vegas Aces vs Los Angeles Sparks,Cameron Brink,LOS,,18.6,19.0
2026-07-28,Las Vegas Aces vs Los Angeles Sparks,Chance Gray,LOS,,12.1,13.9
2026-07-28,Las Vegas Aces vs Los Angeles Sparks,Dearica Hamby,LOS,,31.6,32.8
2026-07-28,Las Vegas Aces vs Los Angeles Sparks,Erica Wheeler,LOS,,29.9,27.2
2026-07-28,Las Vegas Aces vs Los Angeles Sparks,Jihyun Park,LOS,,,5.9
2026-07-28,Las Vegas Aces vs Los Angeles Sparks,Kiana Williams,LOS,,11.3,4.8
2026-07-28,Las Vegas Aces vs Los Angeles Sparks,Nneka Ogwumike,LOS,,32.1,28.3
2026-07-28,Las Vegas Aces vs Los Angeles Sparks,Rae Burrell,LOS,,32.1,33.9
2026-07-28,Portland Fire vs Seattle Storm,Bridget Carleton,POR,,27.6,27.5
2026-07-28,Portland Fire vs Seattle Storm,Carla Leite,POR,,25.5,21.6
2026-07-28,Portland Fire vs Seattle Storm,Emily Engstler,POR,,22.1,18.8
2026-07-28,Portland Fire vs Seattle Storm,Frieda Buhner,POR,,16.4,21.2
2026-07-28,Portland Fire vs Seattle Storm,Holly Winterburn,POR,,,13.6
2026-07-28,Portland Fire vs Seattle Storm,Karlie Samuelson,POR,,15.2,18.8
2026-07-28,Portland Fire vs Seattle Storm,Luisa Geiselsoder,POR,,,3.2
2026-07-28,Portland Fire vs Seattle Storm,Megan DiLeo,POR,,24.7,26.8
2026-07-28,Portland Fire vs Seattle Storm,Nyadiew Puoch,POR,,16.0,20.1
2026-07-28,Portland Fire vs Seattle Storm,Serah Williams,POR,,13.9,13.2
2026-07-28,Portland Fire vs Seattle Storm,Teja Oblak,POR,,12.5,15.2
2026-07-28,Connecticut Sun vs Indiana Fever,Aliyah Boston,IND,,,10.6
2026-07-28,Connecticut Sun vs Indiana Fever,Caitlin Clark,IND,,32.5,33.3
2026-07-28,Connecticut Sun vs Indiana Fever,Kelsey Mitchell,IND,,33.6,34.7
2026-07-28,Connecticut Sun vs Indiana Fever,Lexie Hull,IND,,22.6,16.9
2026-07-28,Connecticut Sun vs Indiana Fever,Makayla Timpson,IND,,23.7,28.1
2026-07-28,Connecticut Sun vs Indiana Fever,Monique Billings,IND,,26.6,29.9
2026-07-28,Connecticut Sun vs Indiana Fever,Myisha Hines-Allen,IND,,14.9,10.8
2026-07-28,Connecticut Sun vs Indiana Fever,Sophie Cunningham,IND,,23.8,23.9
2026-07-28,Connecticut Sun vs Indiana Fever,Tyasha Harris,IND,,16.5,11.8
2026-07-28,Portland Fire vs Seattle Storm,Awa Fam,SEA,,32.8,34.1
2026-07-28,Portland Fire vs Seattle Storm,Flau'jae Johnson,SEA,,28.6,24.3
2026-07-28,Portland Fire vs Seattle Storm,Jade Melbourne,SEA,,27.3,29.5
2026-07-28,Portland Fire vs Seattle Storm,Jordan Horston,SEA,,23.9,26.9
2026-07-28,Portland Fire vs Seattle Storm,Katie Lou Samuelson,SEA,,14.4,11.8
2026-07-28,Portland Fire vs Seattle Storm,Mackenzie Holmes,SEA,,7.3,5.3
2026-07-28,Portland Fire vs Seattle Storm,Natisha Hiedeman,SEA,,32.6,34.5
2026-07-28,Portland Fire vs Seattle Storm,Stefanie Dolson,SEA,,15.2,16.2
2026-07-28,Portland Fire vs Seattle Storm,Taina Mair,SEA,,,2.2
2026-07-28,Portland Fire vs Seattle Storm,Zia Cooke,SEA,,17.9,15.2
2026-07-28,Minnesota Lynx vs New York Liberty,Antonia Delaere,MIN,,,9.3
2026-07-28,Minnesota Lynx vs New York Liberty,Courtney Williams,MIN,,26.7,25.8
2026-07-28,Minnesota Lynx vs New York Liberty,Dorka Juhasz,MIN,,16.3,14.6
2026-07-28,Minnesota Lynx vs New York Liberty,Eliska Hamzova,MIN,,,3.4
2026-07-28,Minnesota Lynx vs New York Liberty,Kayla McBride,MIN,,32.5,34.6
2026-07-28,Minnesota Lynx vs New York Liberty,Maya Caldwell,MIN,,14.7,13.3
2026-07-28,Minnesota Lynx vs New York Liberty,Napheesa Collier,MIN,,22.8,25.0
2026-07-28,Minnesota Lynx vs New York Liberty,Natasha Howard,MIN,,27.4,28.7
2026-07-28,Minnesota Lynx vs New York Liberty,Nia Coffey,MIN,,18.4,13.7
2026-07-28,Minnesota Lynx vs New York Liberty,Olivia Miles,MIN,,30.3,31.6
2026-07-28,Toronto Tempo vs Washington Mystics,Julie Allemand,TOR,,32.8,31.9
2026-07-28,Toronto Tempo vs Washington Mystics,Kia Nurse,TOR,,15.5,13.6
2026-07-28,Toronto Tempo vs Washington Mystics,Kiki Rice,TOR,,26.0,17.1
2026-07-28,Toronto Tempo vs Washington Mystics,Laura Juskaite,TOR,,30.8,33.7
2026-07-28,Toronto Tempo vs Washington Mystics,Maria Conde,TOR,,30.2,29.9
2026-07-28,Toronto Tempo vs Washington Mystics,Marina Mabrey,TOR,,32.7,31.7
2026-07-28,Toronto Tempo vs Washington Mystics,Temi Fagbenle,TOR,,21.2,26.4
2026-07-28,Toronto Tempo vs Washington Mystics,Teonni Key,TOR,,,15.7
2026-07-28,Connecticut Sun vs Indiana Fever,Aneesah Morrow,CON,,24.3,25.9
2026-07-28,Connecticut Sun vs Indiana Fever,Charlisse Leger-Walker,CON,,27.0,22.9
2026-07-28,Connecticut Sun vs Indiana Fever,Diamond Miller,CON,,26.0,21.5
2026-07-28,Connecticut Sun vs Indiana Fever,Kennedy Burke,CON,,25.3,27.1
2026-07-28,Connecticut Sun vs Indiana Fever,Leila Lacan,CON,,32.7,32.4
2026-07-28,Connecticut Sun vs Indiana Fever,Nell Angloma,CON,,,4.0
2026-07-28,Connecticut Sun vs Indiana Fever,Olivia Nelson-Ododa,CON,,26.8,29.7
2026-07-28,Connecticut Sun vs Indiana Fever,Raegan Beers,CON,,14.3,15.2
2026-07-28,Connecticut Sun vs Indiana Fever,Saniya Rivers,CON,,23.6,21.2
2026-07-28,Toronto Tempo vs Washington Mystics,Alicia Florez,WAS,,10.1,5.3
2026-07-28,Toronto Tempo vs Washington Mystics,Angela Dugalic,WAS,,,4.0
2026-07-28,Toronto Tempo vs Washington Mystics,Cassandre Prosper,WAS,,7.6,2.5
2026-07-28,Toronto Tempo vs Washington Mystics,Cotie McMahon,WAS,,19.2,22.1
2026-07-28,Toronto Tempo vs Washington Mystics,Georgia Amoore,WAS,,25.5,25.1
2026-07-28,Toronto Tempo vs Washington Mystics,Kiki Iriafen,WAS,,29.4,29.1
2026-07-28,Toronto Tempo vs Washington Mystics,Lauren Betts,WAS,,15.5,14.5
2026-07-28,Toronto Tempo vs Washington Mystics,Michaela Onyenwere,WAS,,29.3,31.0
2026-07-28,Toronto Tempo vs Washington Mystics,Shakira Austin,WAS,,30.7,32.5
2026-07-28,Toronto Tempo vs Washington Mystics,Sonia Citron,WAS,,32.7,33.9
2026-07-31,Indiana Fever vs Portland Fire,Aliyah Boston,IND,,26.2,30.1
2026-07-31,Indiana Fever vs Portland Fire,Caitlin Clark,IND,,32.3,33.8
2026-07-31,Indiana Fever vs Portland Fire,Kelsey Mitchell,IND,,34.1,35.7
2026-07-31,Indiana Fever vs Portland Fire,Lexie Hull,IND,,17.7,13.7
2026-07-31,Indiana Fever vs Portland Fire,Makayla Timpson,IND,,20.1,19.6
2026-07-31,Indiana Fever vs Portland Fire,Monique Billings,IND,,25.4,29.3
2026-07-31,Indiana Fever vs Portland Fire,Raven Johnson,IND,,,0.9
2026-07-31,Indiana Fever vs Portland Fire,Sophie Cunningham,IND,,22.5,26.9
2026-07-31,Indiana Fever vs Portland Fire,Tyasha Harris,IND,,12.0,9.7
2026-07-31,Indiana Fever vs Portland Fire,Bridget Carleton,POR,,30.5,33.5
2026-07-31,Indiana Fever vs Portland Fire,Carla Leite,POR,,27.1,30.6
2026-07-31,Indiana Fever vs Portland Fire,Emily Engstler,POR,,24.1,28.0
2026-07-31,Indiana Fever vs Portland Fire,Frieda Buhner,POR,,16.5,12.0
2026-07-31,Indiana Fever vs Portland Fire,Holly Winterburn,POR,,10.7,9.7
2026-07-31,Indiana Fever vs Portland Fire,Karlie Samuelson,POR,,17.1,18.6
2026-07-31,Indiana Fever vs Portland Fire,Megan DiLeo,POR,,27.6,25.4
2026-07-31,Indiana Fever vs Portland Fire,Nyadiew Puoch,POR,,19.9,18.2
2026-07-31,Indiana Fever vs Portland Fire,Serah Williams,POR,,12.8,14.6
2026-07-31,Indiana Fever vs Portland Fire,Teja Oblak,POR,,13.7,9.3
2026-07-31,Atlanta Dream vs Dallas Wings,Allisha Gray,ATL,,33.4,31.1
2026-07-31,Atlanta Dream vs Dallas Wings,Angel Reese,ATL,,33.2,37.6
2026-07-31,Atlanta Dream vs Dallas Wings,Brionna Jones,ATL,,17.7,17.0
2026-07-31,Atlanta Dream vs Dallas Wings,Isobel Borlase,ATL,,13.1,14.2
2026-07-31,Atlanta Dream vs Dallas Wings,Jaylyn Sherrod,ATL,,6.2,8.6
2026-07-31,Atlanta Dream vs Dallas Wings,Jordin Canada,ATL,,32.7,31.4
2026-07-31,Atlanta Dream vs Dallas Wings,Naz Hillmon,ATL,,28.9,25.5
2026-07-31,Atlanta Dream vs Dallas Wings,Rhyne Howard,ATL,,34.8,34.7
2026-07-31,Atlanta Dream vs Dallas Wings,Alanna Smith,DAL,,14.5,17.9
2026-07-31,Atlanta Dream vs Dallas Wings,Alysha Clark,DAL,,,7.0
2026-07-31,Atlanta Dream vs Dallas Wings,Arike Ogunbowale,DAL,,30.1,30.5
2026-07-31,Atlanta Dream vs Dallas Wings,Awak Kuier,DAL,,,4.8
2026-07-31,Atlanta Dream vs Dallas Wings,Aziaha James,DAL,,,2.5
2026-07-31,Atlanta Dream vs Dallas Wings,Azzi Fudd,DAL,,31.7,32.8
2026-07-31,Atlanta Dream vs Dallas Wings,Jessica Shepard,DAL,,31.4,33.0
2026-07-31,Atlanta Dream vs Dallas Wings,Li Yueru,DAL,,13.2,14.9
2026-07-31,Atlanta Dream vs Dallas Wings,Maddy Siegrist,DAL,,16.9,9.2
2026-07-31,Atlanta Dream vs Dallas Wings,Odyssey Sims,DAL,,14.8,7.2
2026-07-31,Atlanta Dream vs Dallas Wings,Paige Bueckers,DAL,,32.9,33.8
2026-07-31,Atlanta Dream vs Dallas Wings,Sug Sutton,DAL,,14.5,6.2
2026-07-31,Seattle Storm vs Washington Mystics,Awa Fam,SEA,,29.9,29.1
2026-07-31,Seattle Storm vs Washington Mystics,Dominique Malonga,SEA,,26.1,25.2
2026-07-31,Seattle Storm vs Washington Mystics,Ezi Magbegor,SEA,,13.3,13.7
2026-07-31,Seattle Storm vs Washington Mystics,Flau'jae Johnson,SEA,,26.8,25.8
2026-07-31,Seattle Storm vs Washington Mystics,Jade Melbourne,SEA,,26.2,25.3
2026-07-31,Seattle Storm vs Washington Mystics,Jordan Horston,SEA,,16.6,12.3
2026-07-31,Seattle Storm vs Washington Mystics,Katie Lou Samuelson,SEA,,15.0,16.3
2026-07-31,Seattle Storm vs Washington Mystics,Natisha Hiedeman,SEA,,31.8,33.8
2026-07-31,Seattle Storm vs Washington Mystics,Stefanie Dolson,SEA,,,5.5
2026-07-31,Seattle Storm vs Washington Mystics,Zia Cooke,SEA,,14.3,12.9
2026-07-31,Seattle Storm vs Washington Mystics,Alicia Florez,WAS,,8.1,2.5
2026-07-31,Seattle Storm vs Washington Mystics,Cassandre Prosper,WAS,,8.7,7.6
2026-07-31,Seattle Storm vs Washington Mystics,Cotie McMahon,WAS,,22.2,26.5
2026-07-31,Seattle Storm vs Washington Mystics,Georgia Amoore,WAS,,22.6,17.6
2026-07-31,Seattle Storm vs Washington Mystics,Kiki Iriafen,WAS,,28.1,27.5
2026-07-31,Seattle Storm vs Washington Mystics,Lauren Betts,WAS,,16.4,17.1
2026-07-31,Seattle Storm vs Washington Mystics,Michaela Onyenwere,WAS,,28.9,30.2
2026-07-31,Seattle Storm vs Washington Mystics,Shakira Austin,WAS,,31.6,35.5
2026-07-31,Seattle Storm vs Washington Mystics,Sonia Citron,WAS,,33.4,35.6
2026-08-01,New York Liberty vs Phoenix Mercury,Alyssa Thomas,PHO,,36.0,35.8
2026-08-01,New York Liberty vs Phoenix Mercury,DeWanna Bonner,PHO,,31.8,32.3
2026-08-01,New York Liberty vs Phoenix Mercury,Kahleah Copper,PHO,,34.6,36.6
2026-08-01,New York Liberty vs Phoenix Mercury,Lexi Held,PHO,,12.5,5.9
2026-08-01,New York Liberty vs Phoenix Mercury,Monique Akoa Makani,PHO,,,15.8
2026-08-01,New York Liberty vs Phoenix Mercury,Natasha Mack,PHO,,16.5,11.9
2026-08-01,New York Liberty vs Phoenix Mercury,Noemie Brochant,PHO,,25.0,25.7
2026-08-01,New York Liberty vs Phoenix Mercury,Sami Whitcomb,PHO,,15.0,15.0
2026-08-01,New York Liberty vs Phoenix Mercury,Valeriane Ayayi,PHO,,18.8,21.2
2026-08-01,Chicago Sky vs Las Vegas Aces,Aicha Coulibaly,CHI,,17.9,24.0
2026-08-01,Chicago Sky vs Las Vegas Aces,Courtney Vandersloot,CHI,,22.5,20.3
2026-08-01,Chicago Sky vs Las Vegas Aces,DiJonai Carrington,CHI,,19.4,19.1
2026-08-01,Chicago Sky vs Las Vegas Aces,Elizabeth Williams,CHI,,19.6,21.4
2026-08-01,Chicago Sky vs Las Vegas Aces,Gabriela Jaquez,CHI,,14.5,4.0
2026-08-01,Chicago Sky vs Las Vegas Aces,Jacy Sheldon,CHI,,18.7,15.7
2026-08-01,Chicago Sky vs Las Vegas Aces,Kamilla Cardoso,CHI,,27.5,25.8
2026-08-01,Chicago Sky vs Las Vegas Aces,Natasha Cloud,CHI,,30.8,29.5
2026-08-01,Chicago Sky vs Las Vegas Aces,Rachel Banham,CHI,,,10.5
2026-08-01,Chicago Sky vs Las Vegas Aces,Sydney Taylor,CHI,,29.1,29.8
2026-08-01,Chicago Sky vs Las Vegas Aces,A'ja Wilson,LAS,,31.5,34.5
2026-08-01,Chicago Sky vs Las Vegas Aces,Brianna Turner,LAS,,16.6,12.8
2026-08-01,Chicago Sky vs Las Vegas Aces,Chelsea Gray,LAS,,31.9,34.4
2026-08-01,Chicago Sky vs Las Vegas Aces,Dana Evans,LAS,,16.4,17.4
2026-08-01,Chicago Sky vs Las Vegas Aces,Jackie Young,LAS,,31.1,33.0
2026-08-01,Chicago Sky vs Las Vegas Aces,Jewell Loyd,LAS,,23.7,24.7
2026-08-01,Chicago Sky vs Las Vegas Aces,Kierstan Bell,LAS,,10.1,5.0
2026-08-01,Chicago Sky vs Las Vegas Aces,NaLyssa Smith,LAS,,25.1,30.9
2026-08-01,Chicago Sky vs Las Vegas Aces,Stephanie Talbot,LAS,,13.6,7.3
2026-07-29,ATL vs DAL,Paige Bueckers,DAL,35.0,32.9,37.1
2026-07-29,GSV vs PHO,Kahleah Copper,PHO,33.0,33.7,33.6
2026-07-29,ATL vs DAL,Allisha Gray,ATL,33.0,33.4,34.4
2026-07-29,ATL vs DAL,Rhyne Howard,ATL,33.0,34.8,31.7
2026-07-29,ATL vs DAL,Jessica Shepard,DAL,36.0,31.4,40.0
2026-07-29,ATL vs DAL,Arike Ogunbowale,DAL,33.0,30.1,38.1
2026-07-29,GSV vs PHO,Gabby Williams,GSV,27.0,23.0,
2026-07-29,ATL vs DAL,Angel Reese,ATL,30.0,33.2,33.6
2026-07-29,ATL vs DAL,Azzi Fudd,DAL,34.0,31.7,37.1
2026-07-29,GSV vs PHO,Alyssa Thomas,PHO,34.0,35.2,38.0
2026-07-29,ATL vs DAL,Jordin Canada,ATL,33.0,32.7,32.3
2026-07-29,GSV vs PHO,Veronica Burton,GSV,28.0,27.6,33.8
2026-07-29,GSV vs PHO,Janelle Salaun,GSV,20.0,22.7,23.8
2026-07-29,GSV vs PHO,DeWanna Bonner,PHO,29.0,31.0,33.9
2026-07-29,ATL vs DAL,Naz Hillmon,ATL,30.0,28.9,21.7
2026-07-29,GSV vs PHO,Monique Akoa Makani,PHO,24.0,,14.6
2026-07-29,GSV vs PHO,Kayla Thornton,GSV,28.0,20.5,24.8
2026-07-29,GSV vs PHO,Cecilia Zandalasini,GSV,20.0,18.2,22.9
2026-07-29,GSV vs PHO,Kaitlyn Chen,GSV,14.0,17.2,12.1
2026-07-29,ATL vs DAL,Brionna Jones,ATL,15.0,17.7,21.1
2026-07-29,ATL vs DAL,Maddy Siegrist,DAL,15.0,16.9,
2026-07-29,GSV vs PHO,Natasha Mack,PHO,18.0,21.3,18.0
2026-07-29,GSV vs PHO,Tiffany Hayes,GSV,14.0,16.9,23.4
2026-07-29,GSV vs PHO,Valeriane Ayayi,PHO,15.0,18.2,22.8
2026-07-29,ATL vs DAL,Isobel Borlase,ATL,15.0,13.1,17.3
2026-07-29,GSV vs PHO,Noemie Brochant,PHO,22.0,24.4,18.9
2026-07-29,ATL vs DAL,Madina Okot,ATL,9.0,,2.9
2026-07-29,GSV vs PHO,Kaila Charles,GSV,17.0,18.5,28.5
2026-07-29,GSV vs PHO,Alexa Held,PHO,15.0,,
2026-07-29,GSV vs PHO,Kiah Stokes,GSV,22.0,24.9,18.2
2026-07-29,ATL vs DAL,Awak Kuier,DAL,12.0,,16.3
2026-07-29,ATL vs DAL,Aziaha James,DAL,7.0,,2.9
2026-07-29,GSV vs PHO,Sami Whitcomb,PHO,10.0,14.6,12.9
2026-07-29,ATL vs DAL,Li Yueru,DAL,8.0,13.2,23.7
2026-07-29,ATL vs DAL,Odyssey Sims,DAL,8.0,14.8,2.9
2026-07-29,GSV vs PHO,Laeticia Amihere,GSV,10.0,10.5,12.7
2026-07-29,ATL vs DAL,Alanna Smith,DAL,8.0,14.5,
2026-07-29,ATL vs DAL,Jaylyn Sherrod,ATL,2.0,6.2,3.7
2026-07-29,ATL vs DAL,Sug Sutton,DAL,2.0,14.5,1.9
2026-07-29,ATL vs DAL,Alysha Clark,DAL,2.0,,
2026-07-30,LVA vs MIN,A'ja Wilson,LVA,33.0,31.5,35.7
2026-07-30,NYL vs TOR,Marina Mabrey,TOR,29.0,28.6,27.9
2026-07-30,NYL vs TOR,Breanna Stewart,NYL,32.0,35.9,37.3
2026-07-30,CHI vs CON,Sydney Taylor,CHI,27.0,,30.8
2026-07-30,LVA vs MIN,Kayla McBride,MIN,32.0,30.5,24.5
2026-07-30,LVA vs MIN,Jackie Young,LVA,33.0,31.1,35.6
2026-07-30,LVA vs MIN,Napheesa Collier,MIN,28.0,25.5,21.8
2026-07-30,LVA vs MIN,Olivia Miles,MIN,28.0,29.8,22.8
2026-07-30,NYL vs TOR,Jonquel Jones,NYL,31.0,30.0,27.7
2026-07-30,CHI vs CON,Kamilla Cardoso,CHI,27.0,30.3,20.9
2026-07-30,NYL vs TOR,Sabrina Ionescu,NYL,30.0,34.2,29.1
2026-07-30,CHI vs CON,Leila Lacan,CON,29.0,32.4,28.8
2026-07-30,LVA vs MIN,Natasha Howard,MIN,25.0,26.4,23.6
2026-07-30,LVA vs MIN,Chelsea Gray,LVA,32.0,31.9,33.8
2026-07-30,CHI vs CON,Olivia Nelson-Ododa,CON,25.0,29.0,24.8
2026-07-30,CHI vs CON,Aneesah Morrow,CON,24.0,,30.7
2026-07-30,LVA vs MIN,Courtney Williams,MIN,25.0,30.9,25.0
2026-07-30,CHI vs CON,Natasha Cloud,CHI,32.0,33.8,30.8
2026-07-30,LVA vs MIN,NaLyssa Smith,LVA,23.0,25.1,19.1
2026-07-30,NYL vs TOR,Satou Sabally,NYL,20.0,,
2026-07-30,NYL vs TOR,Isabelle Harrison,TOR,20.0,20.8,
2026-07-30,NYL vs TOR,Nyara Sabally,TOR,23.0,24.1,13.8
2026-07-30,NYL vs TOR,Laura Juskaite,TOR,27.0,29.6,29.6
2026-07-30,CHI vs CON,Diamond Miller,CON,24.0,30.6,28.4
2026-07-30,NYL vs TOR,Maria Conde,TOR,29.0,28.2,27.6
2026-07-30,CHI vs CON,Courtney Vandersloot,CHI,21.0,24.8,23.1
2026-07-30,LVA vs MIN,Jewell Loyd,LVA,28.0,23.7,26.9
2026-07-30,CHI vs CON,Charlisse Leger-Walker,CON,27.0,29.0,30.0
2026-07-30,CHI vs CON,Kennedy Burke,CON,24.0,30.4,20.9
2026-07-30,NYL vs TOR,Pauline Astier,NYL,23.0,24.0,21.4
2026-07-30,CHI vs CON,Saniya Rivers,CON,21.0,23.1,20.7
2026-07-30,NYL vs TOR,Marine Johannes,NYL,20.0,,8.4
2026-07-30,CHI vs CON,DiJonai Carrington,CHI,15.0,21.3,16.7
2026-07-30,NYL vs TOR,Julie Allemand,TOR,28.0,29.3,22.5
2026-07-30,NYL vs TOR,Kiki Rice,TOR,15.0,23.8,23.0
2026-07-30,CHI vs CON,Jacy Sheldon,CHI,21.0,20.6,14.5
2026-07-30,LVA vs MIN,Nia Coffey,MIN,20.0,14.4,6.5
2026-07-30,CHI vs CON,Gabriela Jaquez,CHI,16.0,16.0,13.3
2026-07-30,NYL vs TOR,Han Xu,NYL,15.0,20.2,15.0
2026-07-30,CHI vs CON,Aicha Coulibaly,CHI,15.0,19.7,13.1
2026-07-30,CHI vs CON,Elizabeth Williams,CHI,16.0,21.6,18.6
2026-07-30,NYL vs TOR,Temi Fagbenle,TOR,15.0,15.6,19.4
2026-07-30,LVA vs MIN,Dorka Juhasz,MIN,17.0,16.1,21.5
2026-07-30,NYL vs TOR,Kia Nurse,TOR,12.0,,19.0
2026-07-30,NYL vs TOR,Betnijah Laney-Hamilton,NYL,14.0,,
2026-07-30,LVA vs MIN,Stephanie Talbot,LVA,17.0,13.6,11.0
2026-07-30,CHI vs CON,Raegan Beers,CON,10.0,15.6,12.8
2026-07-30,LVA vs MIN,Dana Evans,LVA,10.0,16.4,16.8
2026-07-30,CHI vs CON,Nell Angloma,CON,9.0,,2.8
2026-07-30,LVA vs MIN,Maya Caldwell,MIN,10.0,15.4,18.5
2026-07-30,CHI vs CON,Rachel Banham,CHI,10.0,11.9,
2026-07-30,LVA vs MIN,Cheyenne Parker-Tyus,LVA,7.0,,
2026-07-30,LVA vs MIN,Anastasiia Kosu,MIN,8.0,,6.7
2026-07-30,CHI vs CON,Gianna Kneepkens,CON,7.0,9.9,
2026-07-30,LVA vs MIN,Kierstan Bell,LVA,10.0,10.1,
2026-07-30,LVA vs MIN,Antonia Delaere,MIN,7.0,11.0,15.5
2026-07-30,NYL vs TOR,Rebekah Gardner,NYL,6.0,15.6,15.5
2026-07-30,LVA vs MIN,Brianna Turner,LVA,7.0,16.6,21.2
2026-07-30,NYL vs TOR,Raquel Carrera,NYL,4.0,,
2026-07-30,NYL vs TOR,Rebecca Allen,NYL,3.0,24.4,27.1
2026-07-30,NYL vs TOR,Tima Pouye,TOR,1.0,,4.8
2026-07-30,NYL vs TOR,Marine Fauthoux,NYL,1.0,15.7,18.4
2026-07-30,NYL vs TOR,Teonni Key,TOR,1.0,,12.5
2026-07-30,NYL vs TOR,Anneli Maley,NYL,1.0,,
2026-08-02,LVA vs NYL,A'ja Wilson,LVA,33.0,31.5,
2026-08-02,LVA vs NYL,Breanna Stewart,NYL,35.0,35.9,
2026-08-02,PHO vs SEA,Kahleah Copper,PHO,34.0,33.7,
2026-08-02,ATL vs CHI,Sydney Taylor,CHI,28.0,,
2026-08-02,ATL vs CHI,Allisha Gray,ATL,33.0,33.4,
2026-08-02,LVA vs NYL,Jackie Young,LVA,33.0,31.1,
2026-08-02,LVA vs NYL,Sabrina Ionescu,NYL,34.0,34.2,
2026-08-02,PHO vs SEA,Natisha Hiedeman,SEA,32.0,31.8,
2026-08-02,ATL vs CHI,Rhyne Howard,ATL,34.0,34.8,
2026-08-02,ATL vs CHI,Angel Reese,ATL,33.0,33.2,
2026-08-02,PHO vs SEA,Alyssa Thomas,PHO,36.0,35.2,
2026-08-02,PHO vs SEA,Dominique Malonga,SEA,26.0,26.1,
2026-08-02,LVA vs NYL,Jonquel Jones,NYL,28.0,30.0,
2026-08-02,LVA vs NYL,Chelsea Gray,LVA,33.0,31.9,14.0
2026-08-02,ATL vs CHI,Kamilla Cardoso,CHI,25.0,30.3,
2026-08-02,PHO vs SEA,Kelsey Plum,PHO,19.0,,
2026-08-02,PHO vs SEA,Flau'jae Johnson,SEA,27.0,26.7,
2026-08-02,ATL vs CHI,Jordin Canada,ATL,32.0,32.7,
2026-08-02,LVA vs NYL,NaLyssa Smith,LVA,23.0,25.1,
2026-08-02,PHO vs SEA,Awa Fam,SEA,31.0,30.3,
2026-08-02,PHO vs SEA,DeWanna Bonner,PHO,30.0,31.0,
2026-08-02,ATL vs CHI,Natasha Cloud,CHI,30.0,33.8,
2026-08-02,ATL vs CHI,Courtney Vandersloot,CHI,22.0,24.8,
2026-08-02,ATL vs CHI,Brionna Jones,ATL,20.0,17.7,
2026-08-02,PHO vs SEA,Jade Melbourne,SEA,26.0,26.2,
2026-08-02,LVA vs NYL,Pauline Astier,NYL,22.0,24.0,
2026-08-02,ATL vs CHI,DiJonai Carrington,CHI,19.0,21.3,
2026-08-02,LVA vs NYL,Jewell Loyd,LVA,27.0,23.7,
2026-08-02,PHO vs SEA,Valeriane Ayayi,PHO,20.0,18.2,
2026-08-02,ATL vs CHI,Naz Hillmon,ATL,25.0,28.9,
2026-08-02,ATL vs CHI,Aicha Coulibaly,CHI,22.0,19.7,
2026-08-02,LVA vs NYL,Han Xu,NYL,16.0,20.2,
2026-08-02,PHO vs SEA,Zia Cooke,SEA,13.0,14.3,
2026-08-02,PHO vs SEA,Noemie Brochant,PHO,23.0,24.4,
2026-08-02,LVA vs NYL,Marine Johannes,NYL,15.0,,
2026-08-02,PHO vs SEA,Natasha Mack,PHO,16.0,21.3,
2026-08-02,ATL vs CHI,Isobel Borlase,ATL,15.0,13.1,
2026-08-02,ATL vs CHI,Elizabeth Williams,CHI,18.0,21.6,
2026-08-02,LVA vs NYL,Rebecca Allen,NYL,22.0,24.4,
2026-08-02,ATL vs CHI,Jacy Sheldon,CHI,16.0,20.6,
2026-08-02,PHO vs SEA,Ezi Magbegor,SEA,14.0,13.2,
2026-08-02,LVA vs NYL,Marine Fauthoux,NYL,15.0,15.7,
2026-08-02,PHO vs SEA,Sami Whitcomb,PHO,15.0,14.6,
2026-08-02,LVA vs NYL,Rebekah Gardner,NYL,12.0,15.6,
2026-08-02,ATL vs CHI,Gabriela Jaquez,CHI,10.0,16.0,
2026-08-02,LVA vs NYL,Dana Evans,LVA,17.0,16.4,
2026-08-02,PHO vs SEA,Katie Lou Samuelson,SEA,12.0,14.9,18.9
2026-08-02,PHO vs SEA,Jordan Horston,SEA,14.0,16.5,
2026-08-02,ATL vs CHI,Rachel Banham,CHI,10.0,11.9,
2026-08-02,LVA vs NYL,Stephanie Talbot,LVA,13.0,13.6,
2026-08-02,LVA vs NYL,Brianna Turner,LVA,16.0,16.6,
2026-08-02,PHO vs SEA,Alexa Held,PHO,7.0,,
2026-08-02,ATL vs CHI,Madina Okot,ATL,3.0,,
2026-08-02,ATL vs CHI,Jaylyn Sherrod,ATL,5.0,6.2,
2026-08-02,PHO vs SEA,Stefanie Dolson,SEA,5.0,,
2026-08-02,LVA vs NYL,Kierstan Bell,LVA,5.0,10.1,
2026-08-02,LVA vs NYL,Raquel Carrera,NYL,1.0,,
2026-07-29,Golden State Valkyries vs Phoenix Mercury,Lexi Held,PHO,,12.1,7.3
2026-07-29,Atlanta Dream vs Dallas Wings,Shatori Walker-Kimbrough,ATL,,,1.5
2026-07-30,Chicago Sky vs Connecticut Sun,Chloe Bibby,CHI,,,18.2
2026-07-30,Las Vegas Aces vs Minnesota Lynx,Anastasiia Olairi Kosu,MIN,,,6.7
2026-07-30,Las Vegas Aces vs Minnesota Lynx,Eliska Hamzova,MIN,,,13.7
2026-08-02,Portland Fire vs Toronto Tempo,Isabelle Harrison,TOR,,20.8,17.1
2026-08-02,Portland Fire vs Toronto Tempo,Julie Allemand,TOR,,29.3,33.9
2026-08-02,Portland Fire vs Toronto Tempo,Kia Nurse,TOR,,,17.2
2026-08-02,Portland Fire vs Toronto Tempo,Kiki Rice,TOR,,23.8,26.8
2026-08-02,Portland Fire vs Toronto Tempo,Laura Juskaite,TOR,,29.6,34.7
2026-08-02,Portland Fire vs Toronto Tempo,Maria Conde,TOR,,28.2,33.7
2026-08-02,Portland Fire vs Toronto Tempo,Nyara Sabally,TOR,,24.1,24.8
2026-08-02,Portland Fire vs Toronto Tempo,Temi Fagbenle,TOR,,15.6,10.7
2026-08-02,Portland Fire vs Toronto Tempo,Teonni Key,TOR,,,1.1
2026-08-02,Connecticut Sun vs Dallas Wings,Ashlon Jackson,CON,,,11.3
2026-08-02,Connecticut Sun vs Dallas Wings,Charlisse Leger-Walker,CON,,29.0,25.4
2026-08-02,Connecticut Sun vs Dallas Wings,Diamond Miller,CON,,30.6,29.8
2026-08-02,Connecticut Sun vs Dallas Wings,Gianna Kneepkens,CON,,9.9,6.9
2026-08-02,Connecticut Sun vs Dallas Wings,Kennedy Burke,CON,,30.4,30.4
2026-08-02,Connecticut Sun vs Dallas Wings,Leila Lacan,CON,,32.4,25.0
2026-08-02,Connecticut Sun vs Dallas Wings,Nell Angloma,CON,,,9.8
2026-08-02,Connecticut Sun vs Dallas Wings,Olivia Nelson-Ododa,CON,,29.0,26.8
2026-08-02,Connecticut Sun vs Dallas Wings,Raegan Beers,CON,,15.6,14.5
2026-08-02,Connecticut Sun vs Dallas Wings,Rayah Marshall,CON,,,3.6
2026-08-02,Connecticut Sun vs Dallas Wings,Saniya Rivers,CON,,23.1,16.7
2026-08-02,Connecticut Sun vs Dallas Wings,Alanna Smith,DAL,,14.5,13.8
2026-08-02,Connecticut Sun vs Dallas Wings,Alysha Clark,DAL,,,16.9
2026-08-02,Connecticut Sun vs Dallas Wings,Arike Ogunbowale,DAL,,30.1,22.7
2026-08-02,Connecticut Sun vs Dallas Wings,Awak Kuier,DAL,,,8.5
2026-08-02,Connecticut Sun vs Dallas Wings,Aziaha James,DAL,,,11.7
2026-08-02,Connecticut Sun vs Dallas Wings,Azzi Fudd,DAL,,31.7,24.4
2026-08-02,Connecticut Sun vs Dallas Wings,Jessica Shepard,DAL,,31.4,22.7
2026-08-02,Connecticut Sun vs Dallas Wings,Li Yueru,DAL,,13.2,9.3
2026-08-02,Connecticut Sun vs Dallas Wings,Maddy Siegrist,DAL,,16.9,17.2
2026-08-02,Connecticut Sun vs Dallas Wings,Odyssey Sims,DAL,,14.8,20.4
2026-08-02,Connecticut Sun vs Dallas Wings,Paige Bueckers,DAL,,32.9,24.9
2026-08-02,Connecticut Sun vs Dallas Wings,Sug Sutton,DAL,,14.5,7.4
2026-08-02,Los Angeles Sparks vs Minnesota Lynx,Ariel Atkins,LOS,,31.7,30.6
2026-08-02,Los Angeles Sparks vs Minnesota Lynx,Cameron Brink,LOS,,19.2,20.6
2026-08-02,Los Angeles Sparks vs Minnesota Lynx,Chance Gray,LOS,,13.0,14.0
2026-08-02,Los Angeles Sparks vs Minnesota Lynx,Dearica Hamby,LOS,,31.6,29.2
2026-08-02,Los Angeles Sparks vs Minnesota Lynx,Erica Wheeler,LOS,,29.4,27.6
2026-08-02,Los Angeles Sparks vs Minnesota Lynx,Jihyun Park,LOS,,,18.1
2026-08-02,Los Angeles Sparks vs Minnesota Lynx,Nneka Ogwumike,LOS,,32.1,30.2
2026-08-02,Los Angeles Sparks vs Minnesota Lynx,Rae Burrell,LOS,,31.7,29.7
2026-08-02,Portland Fire vs Toronto Tempo,Bridget Carleton,POR,,30.5,30.4
2026-08-02,Portland Fire vs Toronto Tempo,Carla Leite,POR,,27.1,26.6
2026-08-02,Portland Fire vs Toronto Tempo,Emily Engstler,POR,,24.1,21.6
2026-08-02,Portland Fire vs Toronto Tempo,Frieda Buhner,POR,,16.5,18.4
2026-08-02,Portland Fire vs Toronto Tempo,Holly Winterburn,POR,,10.7,10.2
2026-08-02,Portland Fire vs Toronto Tempo,Karlie Samuelson,POR,,17.1,18.9
2026-08-02,Portland Fire vs Toronto Tempo,Megan DiLeo,POR,,27.6,29.1
2026-08-02,Portland Fire vs Toronto Tempo,Nyadiew Puoch,POR,,19.9,20.5
2026-08-02,Portland Fire vs Toronto Tempo,Serah Williams,POR,,12.8,10.9
2026-08-02,Portland Fire vs Toronto Tempo,Teja Oblak,POR,,13.7,13.4
2026-08-02,Golden State Valkyries vs Indiana Fever,Aliyah Boston,IND,,26.2,33.0
2026-08-02,Golden State Valkyries vs Indiana Fever,Caitlin Clark,IND,,32.3,34.4
2026-08-02,Golden State Valkyries vs Indiana Fever,Kelsey Mitchell,IND,,34.1,35.2
2026-08-02,Golden State Valkyries vs Indiana Fever,Lexie Hull,IND,,17.7,14.2
2026-08-02,Golden State Valkyries vs Indiana Fever,Makayla Timpson,IND,,20.1,21.0
2026-08-02,Golden State Valkyries vs Indiana Fever,Monique Billings,IND,,25.4,23.5
2026-08-02,Golden State Valkyries vs Indiana Fever,Myisha Hines-Allen,IND,,9.7,2.4
2026-08-02,Golden State Valkyries vs Indiana Fever,Raven Johnson,IND,,,3.5
2026-08-02,Golden State Valkyries vs Indiana Fever,Sophie Cunningham,IND,,22.5,22.7
2026-08-02,Golden State Valkyries vs Indiana Fever,Tyasha Harris,IND,,12.0,10.1
2026-08-02,Los Angeles Sparks vs Minnesota Lynx,Antonia Delaere,MIN,,11.0,8.5
2026-08-02,Los Angeles Sparks vs Minnesota Lynx,Courtney Williams,MIN,,30.9,34.0
2026-08-02,Los Angeles Sparks vs Minnesota Lynx,Dorka Juhasz,MIN,,16.1,10.5
2026-08-02,Los Angeles Sparks vs Minnesota Lynx,Kayla McBride,MIN,,30.5,29.4
2026-08-02,Los Angeles Sparks vs Minnesota Lynx,Maya Caldwell,MIN,,15.4,16.6
2026-08-02,Los Angeles Sparks vs Minnesota Lynx,Napheesa Collier,MIN,,25.5,31.4
2026-08-02,Los Angeles Sparks vs Minnesota Lynx,Natasha Howard,MIN,,26.4,22.7
2026-08-02,Los Angeles Sparks vs Minnesota Lynx,Nia Coffey,MIN,,14.4,15.4
2026-08-02,Los Angeles Sparks vs Minnesota Lynx,Olivia Miles,MIN,,29.8,31.5
