player_name,status,injury,comment,team,dnp_type,exported_at
Alanna Smith,Out,Leg,The Wings said on Thursday (Oct. 1) that Smith will miss the entirely of the first round while nursing a lower leg injury suffered during the FIBA World Cup.,Dallas Wings,injury,2026-10-05T22:04:07.808487
Allisha Gray,Day-To-Day,Hand,The Dream reported Allisha Gray won't return Sunday due to a hand injury.,Atlanta Dream,injury,2026-10-05T22:04:07.808487
Aneesah Morrow,Out For Season,Knee,"Morrow will miss the rest of the 2026 season, according to Chelsea Leite of TSN reports Sunday (Aug. 23).",Toronto Tempo,injury,2026-10-05T22:04:07.808487
Azzi Fudd,Out For Season,Knee,The WIngs said on Wednesday (Aug. 19) that Fudd will miss rest of the regular season after undergoing knee procedure.,Dallas Wings,injury,2026-10-05T22:04:07.808487
Brionna Jones,Out For Season,Leg,The Dream said on Thursday (Sept. 17) that Jones is OUT for the rest of the season due to a leg injury.,Atlanta Dream,injury,2026-10-05T22:04:07.808487
Brittney Sykes,Out For Season,Foot,"Sykes will miss the remainder of the 2026 season, according to Chelsea Leite of TSN reports Sunday (Aug. 23).",Toronto Tempo,injury,2026-10-05T22:04:07.808487
Damiris Dantas,Out For Season,Knee,The Fever said on Tuesday (Aug. 4) that Dantas will miss rest of season after undergoing surgery to repair a torn meniscus.,Indiana Fever,injury,2026-10-05T22:04:07.808487
Dana Evans,Out,Knee,The Aces listed Evans as Out for Sunday's (Oct. 4) game against Valkyries.,Las Vegas Aces,injury,2026-10-05T22:04:07.808487
Emma Cechova,Out For Season,Knee,"The Lynx said on Friday (May 15) that Cechova was diagnosed with a torn ACL in her right knee and will undergo season-ending surgery, per Meghan L. Hall of USA Today.",Minnesota Lynx,injury,2026-10-05T22:04:07.808487
Ezi Magbegor,Out For Season,ACL,The Storm announced on Thursday (Sept. 10) that Magbegor suffered a torn ACL during the FIBA World Cup and will miss the remainder of the season.,Seattle Storm,injury,2026-10-05T22:04:07.808487
Iliana Rupert,Out For Season,Pregnancy,"The Valkyries said on Thursday (May 7) that Rupert is pregnant, and the team has filed for a replacement contract ahead of the 2026 season, per Alexa Philippou of ESPN.com.",Golden State Valkyries,injury,2026-10-05T22:04:07.808487
Janiah Barker,Out For Season,Leg,"The Aces said on Wednesday's (Jul. 15) that Barker will be sidelined for the rest of the 2026 season, per Callie Fin of USA Today.",Las Vegas Aces,injury,2026-10-05T22:04:07.808487
Katie Lou Samuelson,Out For Season,Knee,The Storm announced on Saturday (Sept. 12) that Samuelson underwent an arthroscopic procedure on her left knee and will miss the rest of the season.,Seattle Storm,injury,2026-10-05T22:04:07.808487
Kelsey Plum,Out For Season,Leg,The Mercury said on Monday (Aug. 31) that Plum will miss the rest of the season.,Phoenix Mercury,injury,2026-10-05T22:04:07.808487
Kennedy Burke,Out For Season,Shoulder,The Sun said on Monday (Sept. 14) that Burke  suffered a sprained AC joint in the FIBA World Cup and will miss the rest of the 2026 season.,Connecticut Sun,injury,2026-10-05T22:04:07.808487
Marina Mabrey,Out,Adductor,"The Tempo announced on Wednesday (Sept. 17) that Mabrey will miss the final four games of the 2026 season, per Zulfi Sheikh of Sportsnet.",Toronto Tempo,injury,2026-10-05T22:04:07.808487
NaLyssa Smith,Out For Season,Leg,The Aces said on Thursday (Aug. 27) that Smith will miss rest of the season due to a leg injury.,Las Vegas Aces,injury,2026-10-05T22:04:07.808487
Rickea Jackson,Out For Season,Knee,The Sky announced on Tuesday (May 19) that Jackson will miss the remainder of the season after suffering a torn ACL in her left knee.,Chicago Sky,injury,2026-10-05T22:04:07.808487
Sania Feagin,Out For Season,Knee,The Fire announced that Feagin tore her left ACL and will miss the rest of the season.,Portland Fire,injury,2026-10-05T22:04:07.808487
Sarah Ashlee Barker,Out For Season,Knee,The Fire announced that Barker suffered a torn ACL and will miss the rest of the season.,Portland Fire,injury,2026-10-05T22:04:07.808487
Satou Sabally,Out For Season,Head,The Liberty said on Thursday (Sept. 3) that Sabally will miss the rest of the season due to a head injury.,New York Liberty,injury,2026-10-05T22:04:07.808487
Skylar Diggins,Out For Season,Knee,The Sky said on Tuesday (Sept. 1) that Diggins will miss the rest of the season.,Chicago Sky,injury,2026-10-05T22:04:07.808487
Stephanie Talbot,Out,Leg,The Valkyries listed Talbot as OUT for Sunday's (Oct. 3) game against the Aces.,Las Vegas Aces,injury,2026-10-05T22:04:07.808487
Tyasha Harris,Out For Season,Ankle,The Fever said on Saturday (Sept. 26) that Harris will miss the rest of the season.,Indiana Fever,injury,2026-10-05T22:04:07.808487
